timestamp,bid_price,bid_vol,ask_price,ask_vol
2026-04-17T14:37:49.865428+00:00,77772.34,5.47357,77772.35,0.22421
2026-04-17T14:37:51.204660+00:00,77788.4,4.03289,77788.41,0.51467
2026-04-17T14:37:52.502140+00:00,77788.4,2.62229,77788.41,1.51683
2026-04-17T14:37:53.866591+00:00,77783.42,1.92212,77783.43,1.90461
2026-04-17T14:37:55.197765+00:00,77788.4,5.1908,77788.41,0.60178
2026-04-17T14:37:56.528702+00:00,77794.13,2.46615,77794.14,1.49896
2026-04-17T14:37:57.861381+00:00,77794.13,2.60074,77794.14,1.38164
2026-04-17T14:37:59.159409+00:00,77802.26,3.78573,77802.27,0.9497
2026-04-17T14:38:00.521599+00:00,77789.51,3.11983,77789.52,4.26691
2026-04-17T14:38:01.830214+00:00,77799.08,4.28817,77799.09,0.71605
2026-04-17T14:38:03.129145+00:00,77809.78,5.01786,77809.79,0.04458
2026-04-17T14:38:04.503894+00:00,77824.51,3.54166,77824.52,0.71302
2026-04-17T14:38:05.818258+00:00,77824.51,2.92121,77824.52,0.28511
2026-04-17T14:38:07.122036+00:00,77832.8,5.77233,77832.81,1.02776
2026-04-17T14:38:08.467827+00:00,77832.8,5.50812,77832.81,1.34526
2026-04-17T14:38:09.778624+00:00,77832.8,1.90271,77832.81,1.49407
2026-04-17T14:38:11.073500+00:00,77832.8,0.36473,77832.81,4.47151
2026-04-17T14:38:12.400794+00:00,77818.11,3.17108,77818.12,1.86797
2026-04-17T14:38:13.732897+00:00,77828.39,3.92998,77828.4,1.13969
2026-04-17T14:38:15.044364+00:00,77818.11,0.70056,77818.12,4.1771
2026-04-17T14:38:16.394087+00:00,77800.01,1.17837,77800.02,2.24376
2026-04-17T14:38:17.828482+00:00,77801.6,4.33165,77801.61,0.35355
2026-04-17T14:38:19.211909+00:00,77809.76,3.04842,77809.77,0.28199
2026-04-17T14:38:20.522506+00:00,77809.76,1.93854,77809.77,1.54297
2026-04-17T14:38:21.925034+00:00,77809.76,0.79291,77809.77,2.17633
2026-04-17T14:38:23.254902+00:00,77809.76,0.86738,77809.77,2.545
2026-04-17T14:38:24.578057+00:00,77809.76,2.64766,77809.77,1.89455
2026-04-17T14:38:26.124261+00:00,77809.75,5.77999,77809.76,0.51046
2026-04-17T14:38:27.466552+00:00,77832.79,2.64994,77832.8,2.03565
2026-04-17T14:38:28.877516+00:00,77835.87,5.44486,77835.88,0.02304
2026-04-17T14:38:30.630036+00:00,77845.37,2.49569,77845.38,1.26292
2026-04-17T14:38:32.092072+00:00,77849.98,0.03251,77849.99,3.04452
2026-04-17T14:38:33.497071+00:00,77842.48,3.33867,77842.49,1.63174
2026-04-17T14:38:34.880468+00:00,77842.48,3.33615,77842.49,0.52187
2026-04-17T14:38:36.403922+00:00,77843.59,3.78671,77843.6,1.34035
2026-04-17T14:38:37.770694+00:00,77843.59,2.24596,77843.6,1.28367
2026-04-17T14:38:39.102996+00:00,77857.86,0.53055,77858.0,1.47062
2026-04-17T14:38:40.427121+00:00,77857.99,3.26906,77858.0,0.72368
2026-04-17T14:38:41.893827+00:00,77859.99,3.1179,77860.0,0.86168
2026-04-17T14:38:43.244035+00:00,77857.99,2.76283,77858.0,0.71847
2026-04-17T14:38:44.654534+00:00,77854.35,0.30263,77854.36,4.55302
2026-04-17T14:38:46.091911+00:00,77841.82,2.14438,77841.83,1.59126
2026-04-17T14:38:47.424731+00:00,77815.9,2.16166,77815.91,2.04246
2026-04-17T14:38:48.853404+00:00,77850.24,1.99883,77850.25,1.93125
2026-04-17T14:38:50.272419+00:00,77838.3,1.46958,77838.31,3.98807
2026-04-17T14:38:51.604671+00:00,77838.3,0.40057,77838.31,3.96448
2026-04-17T14:38:52.964246+00:00,77838.3,0.57151,77838.31,2.89657
2026-04-17T14:38:54.292215+00:00,77838.3,1.41684,77838.31,2.33548
2026-04-17T14:38:55.664794+00:00,77838.3,1.68158,77838.31,1.80975
2026-04-17T14:38:56.968398+00:00,77830.75,4.08491,77830.76,0.68231
2026-04-17T14:38:58.483222+00:00,77830.75,4.08381,77830.76,0.32479
2026-04-17T14:38:59.809601+00:00,77830.75,0.27894,77830.76,2.48996
2026-04-17T14:39:01.122795+00:00,77830.75,2.29131,77830.76,0.49154
2026-04-17T14:39:02.438217+00:00,77792.22,3.49427,77792.23,1.59759
2026-04-17T14:39:03.765529+00:00,77792.24,2.12731,77792.25,3.17807
2026-04-17T14:39:05.067428+00:00,77776.18,2.29947,77776.19,0.82963
2026-04-17T14:39:06.407871+00:00,77773.66,0.76746,77773.67,3.57401
2026-04-17T14:39:07.767266+00:00,77773.66,1.82366,77773.67,1.26986
2026-04-17T14:39:09.060679+00:00,77777.0,6.28656,77777.01,0.00175
2026-04-17T14:39:10.374247+00:00,77784.77,3.08411,77784.78,0.7608
2026-04-17T14:39:11.672254+00:00,77783.71,0.62215,77783.72,2.235
2026-04-17T14:39:12.968667+00:00,77785.65,4.61483,77785.66,0.00154
2026-04-17T14:39:14.261958+00:00,77786.41,2.81329,77786.42,2.18485
2026-04-17T14:39:15.579226+00:00,77786.41,2.58947,77786.42,1.09617
2026-04-17T14:39:16.912803+00:00,77793.18,2.55592,77793.19,0.17044
2026-04-17T14:39:18.209771+00:00,77799.36,5.93324,77799.37,0.6572
2026-04-17T14:39:19.520051+00:00,77806.74,2.28636,77806.75,1.82432
2026-04-17T14:39:20.906339+00:00,77806.74,2.20275,77806.75,1.51615
2026-04-17T14:39:22.208860+00:00,77806.74,2.75528,77806.75,0.21629
2026-04-17T14:39:23.568345+00:00,77830.74,5.59698,77830.75,0.76099
2026-04-17T14:39:24.899280+00:00,77828.12,4.07179,77828.13,1.08656
2026-04-17T14:39:26.230763+00:00,77835.92,1.83036,77835.93,1.64435
2026-04-17T14:39:27.546951+00:00,77846.8,2.95692,77846.81,1.46481
2026-04-17T14:39:28.850839+00:00,77846.8,2.93849,77846.81,0.74633
2026-04-17T14:39:30.224064+00:00,77846.81,7.54949,77846.82,0.00119
2026-04-17T14:39:31.555058+00:00,77850.35,4.79567,77850.36,0.05065
2026-04-17T14:39:32.886494+00:00,77850.35,5.05306,77850.36,0.21592
2026-04-17T14:39:34.218142+00:00,77856.12,2.18502,77856.13,1.10718
2026-04-17T14:39:35.548677+00:00,77850.35,3.07425,77850.36,1.2064
2026-04-17T14:39:36.879840+00:00,77850.35,2.55577,77850.36,0.97772
2026-04-17T14:39:38.180829+00:00,77850.35,3.11192,77850.36,0.00126
2026-04-17T14:39:39.472876+00:00,77850.36,4.24935,77850.37,0.58033
2026-04-17T14:39:40.784075+00:00,77850.37,5.41585,77850.38,0.03625
2026-04-17T14:39:42.143627+00:00,77850.38,6.9328,77850.39,0.00098
2026-04-17T14:39:43.535942+00:00,77833.54,0.24594,77833.56,2e-05
2026-04-17T14:39:44.866999+00:00,77840.72,3.66561,77840.73,0.00114
2026-04-17T14:39:46.198521+00:00,77840.73,5.90929,77840.74,0.05721
2026-04-17T14:39:47.504271+00:00,77847.06,5.69457,77847.07,0.00953
2026-04-17T14:39:48.797945+00:00,77847.07,5.78217,77847.08,0.01043
2026-04-17T14:39:50.191717+00:00,77847.07,6.17013,77847.08,0.2199
2026-04-17T14:39:51.531797+00:00,77852.15,6.28209,77852.16,0.00132
2026-04-17T14:39:52.817268+00:00,77852.16,5.51196,77852.17,0.00126
2026-04-17T14:39:54.101222+00:00,77864.36,4.96772,77864.37,0.15949
2026-04-17T14:39:55.400969+00:00,77869.99,3.40775,77870.0,0.35202
2026-04-17T14:39:56.770963+00:00,77870.01,4.63638,77870.02,0.00105
2026-04-17T14:39:58.108388+00:00,77871.61,2.13395,77871.62,0.48216
2026-04-17T14:39:59.443053+00:00,77871.62,5.88008,77871.63,0.00105
2026-04-17T14:40:00.842254+00:00,77871.67,5.76999,77871.68,0.00098
2026-04-17T14:40:02.139343+00:00,77877.92,1.01809,77877.93,3.0235
2026-04-17T14:40:03.447393+00:00,77877.92,1.17221,77877.93,1.61751
2026-04-17T14:40:04.834969+00:00,77879.99,5.28563,77880.0,3.35334
2026-04-17T14:40:06.274882+00:00,77887.97,0.37713,77888.0,67.03405
2026-04-17T14:40:07.693653+00:00,77880.17,1.07661,77880.18,3.69107
2026-04-17T14:40:09.034248+00:00,77868.0,0.65382,77868.01,5.36458
2026-04-17T14:40:10.364825+00:00,77858.44,2.24049,77858.45,0.34133
2026-04-17T14:40:11.695465+00:00,77858.17,1.72954,77858.18,2.79572
2026-04-17T14:40:12.987238+00:00,77860.03,1.69382,77860.04,4.80996
2026-04-17T14:40:14.308118+00:00,77860.03,1.34945,77860.04,2.06469
2026-04-17T14:40:15.607885+00:00,77860.03,2.49647,77860.04,1.41053
2026-04-17T14:40:16.951118+00:00,77896.05,2.45419,77896.06,2.18114
2026-04-17T14:40:18.250612+00:00,77896.06,5.64398,77896.07,0.13328
2026-04-17T14:40:19.573190+00:00,77896.06,4.36389,77896.07,0.65911
2026-04-17T14:40:20.949139+00:00,77897.98,5.16852,77897.99,0.03645
2026-04-17T14:40:22.325087+00:00,77907.47,3.80996,77907.48,1.90413
2026-04-17T14:40:23.676897+00:00,77909.99,2.73491,77910.0,2.08267
2026-04-17T14:40:25.000394+00:00,77915.98,0.50665,77915.99,5.75143
2026-04-17T14:40:26.302966+00:00,77917.05,4.44174,77917.06,1.51702
2026-04-17T14:40:27.596184+00:00,77914.06,0.74416,77914.07,5.48814
2026-04-17T14:40:28.999269+00:00,77914.06,1.94615,77914.07,2.51214
2026-04-17T14:40:30.305315+00:00,77902.09,0.12171,77902.1,3.42119
2026-04-17T14:40:31.619188+00:00,77896.06,4.63296,77896.07,0.03825
2026-04-17T14:40:32.914447+00:00,77909.89,6.01293,77909.9,0.29274
2026-04-17T14:40:34.205330+00:00,77900.97,2.81501,77900.98,0.37134
2026-04-17T14:40:35.500104+00:00,77901.0,5.61658,77901.01,0.00265
2026-04-17T14:40:36.890726+00:00,77901.01,2.61217,77901.02,0.58572
2026-04-17T14:40:38.304635+00:00,77900.0,2.5815,77900.01,2.52561
2026-04-17T14:40:39.957475+00:00,77900.0,2.21047,77900.01,0.71507
2026-04-17T14:40:41.260147+00:00,77901.01,4.9106,77901.02,0.44134
2026-04-17T14:40:42.559986+00:00,77900.0,1.81109,77900.01,1.87183
2026-04-17T14:40:43.854419+00:00,77900.0,0.46457,77900.01,2.18416
2026-04-17T14:40:45.179275+00:00,77889.99,5.43837,77890.0,0.35037
2026-04-17T14:40:46.477129+00:00,77900.0,4.60619,77900.01,0.0149
2026-04-17T14:40:47.784659+00:00,77901.01,3.22122,77901.02,0.05012
2026-04-17T14:40:49.082881+00:00,77901.01,2.02472,77901.02,1.72297
2026-04-17T14:40:50.490377+00:00,77862.4,3.44529,77862.41,0.81376
2026-04-17T14:40:51.785339+00:00,77875.75,3.77587,77875.76,0.15876
2026-04-17T14:40:53.159081+00:00,77883.54,5.9614,77883.55,0.32389
2026-04-17T14:40:54.457622+00:00,77883.54,2.59006,77883.55,1.10977
2026-04-17T14:40:55.830071+00:00,77883.54,3.20664,77883.55,1.20985
2026-04-17T14:40:57.132502+00:00,77883.54,1.70332,77883.55,1.50716
2026-04-17T14:40:58.433461+00:00,77873.53,5.45471,77873.54,0.00149
2026-04-17T14:40:59.824464+00:00,77882.93,4.20253,77882.94,1.33735
2026-04-17T14:41:01.154391+00:00,77892.96,3.61808,77892.97,0.49871
2026-04-17T14:41:02.884426+00:00,77905.99,4.10961,77906.0,0.16684
2026-04-17T14:41:04.226887+00:00,77905.99,3.46691,77906.0,1.70711
2026-04-17T14:41:05.528621+00:00,77905.91,1.84148,77905.92,2.03207
2026-04-17T14:41:06.889054+00:00,77905.91,2.38865,77905.92,0.20075
2026-04-17T14:41:08.188021+00:00,77898.11,3.07879,77898.12,0.24395
2026-04-17T14:41:09.551633+00:00,77916.74,0.0821,77916.75,2.09314
2026-04-17T14:41:10.882580+00:00,77902.0,1.02309,77902.01,2.13963
2026-04-17T14:41:12.176616+00:00,77901.21,0.00953,77901.22,5.58958
2026-04-17T14:41:13.544715+00:00,77899.96,5.24617,77899.97,0.00126
2026-04-17T14:41:14.876158+00:00,77893.18,2.61569,77893.19,1.39701
2026-04-17T14:41:16.170391+00:00,77893.18,4.3999,77893.19,0.00133
2026-04-17T14:41:17.538526+00:00,77916.56,5.14695,77916.57,0.4632
2026-04-17T14:41:18.863492+00:00,77919.99,0.78099,77920.0,2.71051
2026-04-17T14:41:20.194527+00:00,77919.99,2.31194,77920.0,0.40643
2026-04-17T14:41:21.532194+00:00,77920.22,3.48266,77920.23,0.07728
2026-04-17T14:41:22.863443+00:00,77929.77,2.96921,77929.78,2.05467
2026-04-17T14:41:24.194216+00:00,77929.77,0.68664,77929.78,1.92931
2026-04-17T14:41:25.496138+00:00,77916.12,0.75228,77916.13,3.91215
2026-04-17T14:41:26.856596+00:00,77929.77,0.96372,77929.78,2.94695
2026-04-17T14:41:28.188142+00:00,77929.77,0.63715,77929.78,2.71956
2026-04-17T14:41:29.519657+00:00,77919.59,1.64315,77919.6,3.30115
2026-04-17T14:41:30.811294+00:00,77919.59,1.00742,77919.6,2.61529
2026-04-17T14:41:32.110656+00:00,77919.59,4.35043,77919.6,1.10487
2026-04-17T14:41:33.512912+00:00,77919.59,3.26077,77919.6,0.09942
2026-04-17T14:41:34.809375+00:00,77919.63,6.65859,77919.64,0.64949
2026-04-17T14:41:36.105265+00:00,77919.63,2.12491,77919.64,0.60854
2026-04-17T14:41:37.410325+00:00,77919.63,2.80226,77919.64,0.30999
2026-04-17T14:41:38.735819+00:00,77919.63,2.60221,77919.64,0.26387
2026-04-17T14:41:40.066441+00:00,77919.63,2.51227,77919.64,0.20053
2026-04-17T14:41:41.397670+00:00,77937.99,0.3,77938.0,0.00715
2026-04-17T14:41:42.728661+00:00,77939.34,2.39699,77939.35,0.40047
2026-04-17T14:41:44.029125+00:00,77947.88,3.89809,77947.89,0.42069
2026-04-17T14:41:45.391194+00:00,77948.25,3.01483,77948.26,0.16711
2026-04-17T14:41:46.722056+00:00,77949.99,3.72313,77950.0,0.81024
2026-04-17T14:41:48.053566+00:00,77950.13,3.16503,77950.14,1.65297
2026-04-17T14:41:49.384813+00:00,77950.13,2.38293,77950.14,0.00133
2026-04-17T14:41:50.715995+00:00,77950.28,4.11054,77950.29,0.00105
2026-04-17T14:41:52.013863+00:00,77954.27,5.74087,77954.28,0.66579
2026-04-17T14:41:53.307410+00:00,77955.33,3.85041,77955.34,1.5335
2026-04-17T14:41:54.709506+00:00,77955.33,4.14062,77955.34,1.219
2026-04-17T14:41:56.009962+00:00,77955.83,3.41768,77955.84,0.18501
2026-04-17T14:41:57.313925+00:00,77959.76,4.4738,77959.77,0.53847
2026-04-17T14:41:58.703280+00:00,77959.76,4.82139,77959.77,1.51615
2026-04-17T14:41:59.989540+00:00,77959.76,3.61053,77959.77,1.70372
2026-04-17T14:42:01.288698+00:00,77959.76,2.54969,77959.77,1.73922
2026-04-17T14:42:02.697835+00:00,77953.88,1.62027,77953.89,1.76345
2026-04-17T14:42:03.993607+00:00,77955.85,5.07336,77955.86,1.73956
2026-04-17T14:42:05.361438+00:00,77955.85,3.91707,77955.86,0.03067
2026-04-17T14:42:06.690997+00:00,77955.85,4.29001,77955.86,0.05762
2026-04-17T14:42:08.021135+00:00,77961.99,4.31996,77962.0,0.9048
2026-04-17T14:42:09.308522+00:00,77966.79,2.18519,77966.8,2.09
2026-04-17T14:42:10.683443+00:00,77966.79,2.28974,77966.8,1.52582
2026-04-17T14:42:11.979656+00:00,77958.67,2.32242,77958.68,0.89462
2026-04-17T14:42:13.270778+00:00,77967.99,3.2114,77968.0,0.7113
2026-04-17T14:42:14.677015+00:00,77974.58,1.09538,77974.59,2.72901
2026-04-17T14:42:16.008209+00:00,77969.46,0.07488,77969.47,5.49059
2026-04-17T14:42:17.305705+00:00,77969.46,2.48043,77969.47,1.94056
2026-04-17T14:42:18.592970+00:00,77966.26,0.02605,77966.27,5.6513
2026-04-17T14:42:19.874954+00:00,77991.05,2.92652,77991.06,0.30963
2026-04-17T14:42:21.233216+00:00,77996.99,1.8989,77997.0,0.66499
2026-04-17T14:42:22.593594+00:00,77997.69,3.78895,77997.7,0.27108
2026-04-17T14:42:24.013568+00:00,77997.75,0.80139,77997.76,2.8371
2026-04-17T14:42:25.395209+00:00,77997.75,2.23195,77997.76,0.51465
2026-04-17T14:42:26.766469+00:00,77996.99,1.49188,77997.0,1.66769
2026-04-17T14:42:28.121378+00:00,77996.99,1.50328,77997.0,1.41381
2026-04-17T14:42:29.538017+00:00,77996.68,0.02633,77996.69,6.556
2026-04-17T14:42:30.924767+00:00,77992.68,2.24026,77992.69,0.42618
2026-04-17T14:42:32.300766+00:00,77992.68,1.56903,77992.69,1.90421
2026-04-17T14:42:33.679781+00:00,77997.99,3.96402,77998.0,0.44603
2026-04-17T14:42:35.066820+00:00,77992.68,0.52594,77992.69,4.0757
2026-04-17T14:42:36.451127+00:00,77992.68,0.00525,77992.69,4.09587
2026-04-17T14:42:37.845087+00:00,77975.49,2.91295,77975.5,2.33411
2026-04-17T14:42:39.207140+00:00,77975.49,1.99402,77975.5,1.78792
2026-04-17T14:42:40.573038+00:00,77975.49,2.7685,77975.5,1.57029
2026-04-17T14:42:41.945609+00:00,77982.19,1.81851,77982.2,1.89515
2026-04-17T14:42:43.314520+00:00,77982.19,1.27747,77982.2,2.07431
2026-04-17T14:42:44.713893+00:00,77982.2,6.79077,77982.21,0.12618
2026-04-17T14:42:46.148836+00:00,77989.95,0.40259,77989.96,2.29734
2026-04-17T14:42:47.481373+00:00,77989.94,4.8871,77989.95,0.0216
2026-04-17T14:42:48.813222+00:00,77992.68,3.58431,77992.69,0.01027
2026-04-17T14:42:50.250757+00:00,77996.69,5.80561,77996.7,0.39753
2026-04-17T14:42:51.682001+00:00,77996.69,2.85428,77996.7,0.07703
2026-04-17T14:42:53.014767+00:00,77996.7,4.52272,77996.71,1.20833
2026-04-17T14:42:54.321984+00:00,77996.71,4.98671,77996.72,1.59514
2026-04-17T14:42:55.677786+00:00,77998.99,5.11461,77999.0,3.38118
2026-04-17T14:42:56.979946+00:00,77998.99,1.70081,77999.0,2.14975
2026-04-17T14:42:58.286263+00:00,77998.99,2.34214,77999.0,0.42854
2026-04-17T14:42:59.673195+00:00,77999.99,2.2807,78000.0,62.74761
2026-04-17T14:43:00.962631+00:00,77999.99,2.58026,78000.0,55.25993
2026-04-17T14:43:02.271220+00:00,77999.99,3.45239,78000.0,53.28653
2026-04-17T14:43:03.579285+00:00,77999.99,7.39625,78000.0,22.26253
2026-04-17T14:43:04.881949+00:00,78024.63,2.72794,78024.64,0.44543
2026-04-17T14:43:06.197236+00:00,78027.36,3.30135,78027.37,0.13219
2026-04-17T14:43:07.559769+00:00,78027.36,0.00112,78027.37,4.66483
2026-04-17T14:43:08.891705+00:00,78029.98,4.26433,78029.99,0.65885
2026-04-17T14:43:10.215202+00:00,78034.11,5.03029,78034.12,0.62928
2026-04-17T14:43:11.555218+00:00,78031.86,1.95569,78031.87,1.94726
2026-04-17T14:43:12.987940+00:00,78031.86,2.65599,78031.87,0.29124
2026-04-17T14:43:14.294126+00:00,78029.98,0.3934,78029.99,1.93096
2026-04-17T14:43:15.650519+00:00,78038.44,5.64153,78038.45,0.32761
2026-04-17T14:43:16.981395+00:00,78034.24,6.40463,78034.25,0.0023
2026-04-17T14:43:18.291814+00:00,78038.0,2.5195,78038.01,1.63878
2026-04-17T14:43:19.644450+00:00,78039.84,4.05637,78039.85,0.41434
2026-04-17T14:43:20.955651+00:00,78042.98,3.62109,78042.99,0.41663
2026-04-17T14:43:22.307825+00:00,78045.96,2.56917,78045.97,1.77725
2026-04-17T14:43:23.625847+00:00,78045.96,3.32302,78045.97,0.28074
2026-04-17T14:43:24.969982+00:00,78042.96,2.84297,78042.97,0.77286
2026-04-17T14:43:26.277966+00:00,78042.96,1.70227,78042.97,2.49025
2026-04-17T14:43:27.582405+00:00,78021.73,4.25035,78021.74,0.34118
2026-04-17T14:43:28.872984+00:00,78024.14,1.64117,78024.15,5.49663
2026-04-17T14:43:30.295365+00:00,78016.24,3.2021,78016.25,0.21506
2026-04-17T14:43:31.728670+00:00,78020.24,5.01496,78020.25,0.74385
2026-04-17T14:43:33.060317+00:00,78027.98,0.04097,78027.99,2.88991
2026-04-17T14:43:34.365709+00:00,78017.29,7.83245,78017.3,0.35197
2026-04-17T14:43:35.668368+00:00,77969.36,0.0355,77969.37,1.05008
2026-04-17T14:43:36.971376+00:00,77926.61,1.74343,77926.62,2.94116
2026-04-17T14:43:38.385769+00:00,77912.21,0.47974,77912.22,2.70656
2026-04-17T14:43:39.705777+00:00,77918.27,2.43378,77918.28,0.82886
2026-04-17T14:43:41.010150+00:00,77900.0,1.6732,77900.01,2.31271
2026-04-17T14:43:42.379429+00:00,77884.74,5.25504,77884.75,0.92667
2026-04-17T14:43:43.710998+00:00,77884.74,2.51302,77884.75,0.24712
2026-04-17T14:43:45.144112+00:00,77897.32,2.69072,77897.33,1.02394
2026-04-17T14:43:46.475290+00:00,77860.21,2.09051,77860.22,2.82106
2026-04-17T14:43:47.806242+00:00,77867.97,0.76667,77867.98,4.15066
2026-04-17T14:43:49.099811+00:00,77878.11,5.30291,77878.12,0.39144
2026-04-17T14:43:50.392317+00:00,77872.76,0.14853,77872.77,2.57222
2026-04-17T14:43:51.684396+00:00,77861.45,1.75012,77861.46,2.46541
2026-04-17T14:43:52.983665+00:00,77864.49,3.18,77864.5,0.58979
2026-04-17T14:43:54.279012+00:00,77820.0,1.03907,77820.01,2.39706
2026-04-17T14:43:55.690423+00:00,77825.75,5.07938,77825.76,0.23466
2026-04-17T14:43:57.014297+00:00,77836.69,5.40592,77836.7,1.04052
2026-04-17T14:43:58.326070+00:00,77846.85,0.70618,77846.86,3.74973
2026-04-17T14:43:59.684142+00:00,77851.03,5.51889,77851.04,0.15757
2026-04-17T14:44:00.983789+00:00,77867.48,2.46779,77867.49,0.00128
2026-04-17T14:44:02.285224+00:00,77872.18,1.80057,77872.19,1.62778
2026-04-17T14:44:03.679032+00:00,77865.74,1.29261,77865.75,2.42405
2026-04-17T14:44:05.009607+00:00,77867.9,6.20459,77867.91,0.00105
2026-04-17T14:44:06.326418+00:00,77886.99,4.48621,77887.0,0.00112
2026-04-17T14:44:07.616112+00:00,77893.99,5.20927,77894.0,0.25592
2026-04-17T14:44:09.002528+00:00,77873.49,0.41988,77873.5,3.77227
2026-04-17T14:44:10.293708+00:00,77872.8,0.12228,77872.81,4.30689
2026-04-17T14:44:11.667079+00:00,77865.81,1.28668,77865.82,2.59754
2026-04-17T14:44:12.998787+00:00,77838.73,0.67833,77838.74,3.56164
2026-04-17T14:44:14.340335+00:00,77838.73,0.67191,77838.74,2.86942
2026-04-17T14:44:15.659079+00:00,77846.52,3.475,77846.53,1.50932
2026-04-17T14:44:16.989816+00:00,77839.58,2.51649,77839.59,1.92987
2026-04-17T14:44:18.288671+00:00,77854.69,2.90518,77854.7,0.00161
2026-04-17T14:44:19.599487+00:00,77862.11,0.74815,77862.12,1.61918
2026-04-17T14:44:20.917023+00:00,77862.11,2.23686,77862.12,0.98534
2026-04-17T14:44:22.214181+00:00,77846.96,1.62652,77846.97,2.77311
2026-04-17T14:44:23.544142+00:00,77846.96,1.32207,77846.97,2.43518
2026-04-17T14:44:24.843933+00:00,77846.96,0.09428,77846.97,2.41907
2026-04-17T14:44:26.140098+00:00,77838.3,2.07627,77838.31,3.0446
2026-04-17T14:44:27.538681+00:00,77858.87,2.22158,77858.88,2.19844
2026-04-17T14:44:28.837165+00:00,77865.74,0.67654,77865.75,1.95448
2026-04-17T14:44:30.155368+00:00,77869.78,4.12062,77869.79,0.00114
2026-04-17T14:44:31.454971+00:00,77880.88,2.71314,77880.89,1.55921
2026-04-17T14:44:32.863235+00:00,77880.88,0.93079,77880.89,2.54174
2026-04-17T14:44:34.170022+00:00,77874.0,0.59072,77874.01,2.35762
2026-04-17T14:44:35.524708+00:00,77903.52,1.21378,77903.53,1.34112
2026-04-17T14:44:36.855094+00:00,77908.88,3.30824,77908.89,11.14781
2026-04-17T14:44:38.149939+00:00,77908.88,2.51344,77908.89,6.07769
2026-04-17T14:44:39.442948+00:00,77934.23,5.30661,77934.24,0.3014
2026-04-17T14:44:40.762468+00:00,77938.19,5.02355,77938.2,0.32632
2026-04-17T14:44:42.097759+00:00,77950.95,6.48481,77950.96,0.23119
2026-04-17T14:44:43.801727+00:00,77928.71,2.3921,77928.72,1.25986
2026-04-17T14:44:45.251236+00:00,77913.84,5.43391,77913.85,0.3054
2026-04-17T14:44:46.577408+00:00,77947.48,5.26237,77947.49,0.02457
2026-04-17T14:44:47.948135+00:00,77949.8,1.58301,77949.81,1.7384
2026-04-17T14:44:49.343162+00:00,77959.97,0.00098,77959.98,11.82739
2026-04-17T14:44:50.696836+00:00,77943.83,0.06614,77943.84,8.90517
2026-04-17T14:44:52.139849+00:00,77943.82,1.84473,77943.83,1.7112
2026-04-17T14:44:53.643473+00:00,77959.94,2.31856,77959.95,3.85024
2026-04-17T14:44:55.013802+00:00,77967.38,4.4919,77967.39,0.32768
2026-04-17T14:44:56.515541+00:00,77967.39,3.45149,77967.4,1.3811
2026-04-17T14:44:58.253616+00:00,77983.11,3.95408,77983.12,1.06044
2026-04-17T14:44:59.691101+00:00,77983.12,4.09158,77983.13,0.51353
2026-04-17T14:45:01.055989+00:00,77985.4,0.56183,77985.41,0.33829
2026-04-17T14:45:02.491912+00:00,77975.57,0.51834,77975.58,4.79321
2026-04-17T14:45:03.862402+00:00,77966.57,0.53182,77966.58,8.45382
2026-04-17T14:45:05.356631+00:00,77952.19,2.7161,77952.2,0.20473
2026-04-17T14:45:06.660293+00:00,77960.02,4.18805,77960.03,0.81774
2026-04-17T14:45:07.985431+00:00,77963.86,5.62123,77963.87,1.17521
2026-04-17T14:45:09.419298+00:00,77981.99,4.726,77982.0,0.65358
2026-04-17T14:45:10.853254+00:00,77983.98,4.63164,77983.99,0.07127
2026-04-17T14:45:12.178958+00:00,77985.62,3.02996,77985.63,1.3818
2026-04-17T14:45:13.515062+00:00,77979.13,4.22546,77979.14,0.4242
2026-04-17T14:45:14.949696+00:00,77973.89,2.20188,77973.9,1.99369
2026-04-17T14:45:16.262669+00:00,77967.77,0.01311,77967.78,6.35206
2026-04-17T14:45:17.611506+00:00,77967.4,1.09466,77967.41,8.15112
2026-04-17T14:45:18.943288+00:00,77932.0,0.83969,77932.01,4.96066
2026-04-17T14:45:20.376336+00:00,77932.0,2.70098,77932.01,1.18437
2026-04-17T14:45:21.809721+00:00,77932.0,2.88213,77932.01,0.84314
2026-04-17T14:45:23.153987+00:00,77944.71,4.80032,77944.72,0.04126
2026-04-17T14:45:24.506603+00:00,77950.0,2.92274,77950.01,0.00271
2026-04-17T14:45:25.906713+00:00,77962.23,0.90763,77962.24,5.62433
2026-04-17T14:45:27.339275+00:00,77962.23,2.67736,77962.24,0.45431
2026-04-17T14:45:28.773132+00:00,77960.02,1.68046,77960.03,3.13676
2026-04-17T14:45:30.207283+00:00,77958.62,2.70557,77958.63,0.28144
2026-04-17T14:45:31.640089+00:00,77963.87,0.22845,77963.88,7.09403
2026-04-17T14:45:33.071808+00:00,77958.35,2.6945,77958.36,2.29765
2026-04-17T14:45:34.507256+00:00,77958.35,2.72095,77958.36,0.31643
2026-04-17T14:45:35.872067+00:00,77958.36,2.26139,77958.37,3.32958
2026-04-17T14:45:37.272494+00:00,77952.21,0.55613,77952.22,5.27192
2026-04-17T14:45:38.624657+00:00,77932.0,0.81936,77932.01,2.53278
2026-04-17T14:45:40.037268+00:00,77932.0,0.78339,77932.01,2.79951
2026-04-17T14:45:41.471035+00:00,77932.0,0.3653,77932.01,2.7849
2026-04-17T14:45:42.904078+00:00,77932.0,1.16423,77932.01,3.61453
2026-04-17T14:45:44.293293+00:00,77919.16,1.00373,77919.17,3.64323
2026-04-17T14:45:45.652463+00:00,77900.34,0.52802,77900.35,4.12501
2026-04-17T14:45:46.999008+00:00,77900.34,1.02398,77900.35,3.31643
2026-04-17T14:45:48.354746+00:00,77900.33,0.51994,77900.34,6.74375
2026-04-17T14:45:49.765422+00:00,77904.42,4.08101,77904.43,1.32918
2026-04-17T14:45:51.198553+00:00,77904.42,0.04757,77904.43,3.42701
2026-04-17T14:45:52.632572+00:00,77893.18,2.68785,77893.19,2.8614
2026-04-17T14:45:54.066022+00:00,77874.28,0.1341,77874.29,3.04684
2026-04-17T14:45:55.412716+00:00,77870.94,0.06666,77870.95,9.05246
2026-04-17T14:45:56.825679+00:00,77869.48,1.24397,77869.49,7.30985
2026-04-17T14:45:58.192362+00:00,77874.26,2.39298,77874.27,0.37706
2026-04-17T14:45:59.595486+00:00,77876.33,3.09029,77876.34,0.33984
2026-04-17T14:46:00.961003+00:00,77876.33,2.09615,77876.34,1.44423
2026-04-17T14:46:02.360448+00:00,77876.33,5.19571,77876.34,0.69224
2026-04-17T14:46:03.776746+00:00,77879.99,5.47358,77880.0,0.5729
2026-04-17T14:46:05.637164+00:00,77883.92,3.98231,77883.93,1.58939
2026-04-17T14:46:07.071845+00:00,77887.58,6.24238,77887.59,0.02119
2026-04-17T14:46:08.425956+00:00,77888.28,0.54837,77888.29,3.85884
2026-04-17T14:46:09.835950+00:00,77887.57,1.15222,77887.58,3.76234
2026-04-17T14:46:11.169808+00:00,77887.57,0.64585,77887.58,3.15511
2026-04-17T14:46:12.498316+00:00,77865.73,0.58518,77865.74,10.36289
2026-04-17T14:46:13.829621+00:00,77835.35,0.62762,77835.36,2.73958
2026-04-17T14:46:15.162654+00:00,77835.36,4.40052,77835.37,1.96266
2026-04-17T14:46:16.463092+00:00,77832.0,0.10583,77832.01,6.67226
2026-04-17T14:46:17.759306+00:00,77834.61,3.75262,77834.62,0.3793
2026-04-17T14:46:19.053614+00:00,77834.62,6.67243,77834.63,0.02112
2026-04-17T14:46:20.348483+00:00,77805.88,3.21082,77805.89,1.03127
2026-04-17T14:46:21.645095+00:00,77805.88,3.14201,77805.89,0.62167
2026-04-17T14:46:23.045565+00:00,77784.51,1.24561,77784.52,2.4862
2026-04-17T14:46:24.380963+00:00,77784.51,2.0128,77784.52,1.00427
2026-04-17T14:46:25.810412+00:00,77753.46,2.3002,77753.47,1.76382
2026-04-17T14:46:27.112674+00:00,77763.91,3.80723,77763.92,0.30488
2026-04-17T14:46:28.472913+00:00,77791.87,3.93888,77791.88,0.90776
2026-04-17T14:46:29.803642+00:00,77805.99,4.71279,77806.0,0.09075
2026-04-17T14:46:31.099050+00:00,77820.39,5.80629,77820.4,0.03661
2026-04-17T14:46:32.393970+00:00,77825.76,6.94468,77825.77,1.13931
2026-04-17T14:46:33.797623+00:00,77829.39,4.87072,77829.4,0.8055
2026-04-17T14:46:35.319782+00:00,77812.29,0.46159,77812.3,2.06399
2026-04-17T14:46:36.665090+00:00,77812.29,0.43533,77812.3,3.7985
2026-04-17T14:46:37.996092+00:00,77800.0,2.58949,77800.01,1.73297
2026-04-17T14:46:39.327826+00:00,77814.38,2.00743,77814.39,5.78177
2026-04-17T14:46:40.657699+00:00,77805.83,2.17423,77805.84,0.77749
2026-04-17T14:46:41.989383+00:00,77805.84,4.66838,77805.85,0.83558
2026-04-17T14:46:43.284884+00:00,77800.0,0.19718,77800.01,7.42204
2026-04-17T14:46:44.652177+00:00,77794.08,2.17158,77794.09,0.99031
2026-04-17T14:46:45.989851+00:00,77823.99,5.40683,77824.0,0.00152
2026-04-17T14:46:47.314157+00:00,77842.6,3.73,77842.61,0.39937
2026-04-17T14:46:48.613429+00:00,77842.6,2.07489,77842.61,0.88168
2026-04-17T14:46:49.976618+00:00,77842.6,1.45473,77842.61,2.79349
2026-04-17T14:46:51.271946+00:00,77842.6,1.16461,77842.61,3.27162
2026-04-17T14:46:52.570723+00:00,77846.25,5.52251,77846.26,0.021
2026-04-17T14:46:53.886652+00:00,77846.26,3.02511,77846.27,3.81804
2026-04-17T14:46:55.202902+00:00,77846.26,2.6464,77846.27,0.72528
2026-04-17T14:46:56.530674+00:00,77842.61,0.63739,77842.62,9.94945
2026-04-17T14:46:57.823690+00:00,77838.3,0.60114,77838.31,7.75384
2026-04-17T14:46:59.192423+00:00,77838.3,0.40445,77838.31,6.22843
2026-04-17T14:47:00.494127+00:00,77839.79,6.53267,77839.8,0.13105
2026-04-17T14:47:01.855276+00:00,77842.57,5.42938,77842.58,0.51221
2026-04-17T14:47:03.186540+00:00,77850.71,6.47885,77850.72,0.07273
2026-04-17T14:47:04.499213+00:00,77850.72,4.9116,77850.73,0.20357
2026-04-17T14:47:05.847381+00:00,77850.72,4.29972,77850.73,0.59735
2026-04-17T14:47:07.180269+00:00,77850.72,4.23742,77850.73,1.63242
2026-04-17T14:47:08.490547+00:00,77840.3,0.02849,77840.31,2.26689
2026-04-17T14:47:09.842682+00:00,77835.32,0.68367,77835.33,3.2961
2026-04-17T14:47:11.143171+00:00,77835.32,0.24813,77835.33,6.50308
2026-04-17T14:47:12.504665+00:00,77835.32,3.10258,77835.33,3.0369
2026-04-17T14:47:13.794649+00:00,77835.32,3.75161,77835.33,1.36734
2026-04-17T14:47:15.167848+00:00,77835.32,3.87208,77835.33,0.48956
2026-04-17T14:47:16.466631+00:00,77835.32,3.1043,77835.33,1.25249
2026-04-17T14:47:17.827875+00:00,77841.36,6.46003,77841.37,0.40309
2026-04-17T14:47:19.160883+00:00,77845.43,4.28346,77845.44,0.22483
2026-04-17T14:47:20.492014+00:00,77845.43,4.31096,77845.44,0.66971
2026-04-17T14:47:21.824433+00:00,77839.43,0.28176,77839.44,3.70347
2026-04-17T14:47:23.132122+00:00,77838.3,0.74798,77838.31,19.80884
2026-04-17T14:47:24.485989+00:00,77838.3,1.1369,77838.31,13.26186
2026-04-17T14:47:25.817745+00:00,77838.3,1.84176,77838.31,4.89923
2026-04-17T14:47:27.148388+00:00,77838.3,2.32651,77838.31,1.09288
2026-04-17T14:47:28.445666+00:00,77845.43,5.42049,77845.44,1.56038
2026-04-17T14:47:29.810464+00:00,77849.99,5.09516,77850.0,2.14436
2026-04-17T14:47:31.116024+00:00,77849.99,3.38297,77850.0,4.1865
2026-04-17T14:47:32.472974+00:00,77838.31,1.73193,77838.32,2.60102
2026-04-17T14:47:33.763544+00:00,77838.31,2.37373,77838.32,1.89585
2026-04-17T14:47:35.055383+00:00,77849.99,5.57588,77850.0,3.17021
2026-04-17T14:47:36.466566+00:00,77861.43,4.80757,77861.44,0.20085
2026-04-17T14:47:37.760991+00:00,77863.74,2.18222,77863.75,1.39602
2026-04-17T14:47:39.052988+00:00,77863.74,2.18128,77863.75,1.99389
2026-04-17T14:47:40.359521+00:00,77863.74,0.38538,77863.75,3.38621
2026-04-17T14:47:41.790204+00:00,77833.05,1.23168,77833.06,2.71086
2026-04-17T14:47:43.122542+00:00,77845.22,5.06905,77845.23,0.94077
2026-04-17T14:47:44.417663+00:00,77849.89,6.55017,77849.9,0.00098
2026-04-17T14:47:45.784931+00:00,77853.65,6.21452,77853.66,0.14803
2026-04-17T14:47:47.116513+00:00,77853.99,3.40461,77854.0,0.68287
2026-04-17T14:47:48.423755+00:00,77863.23,2.50251,77863.24,2.6512
2026-04-17T14:47:49.778642+00:00,77853.99,0.67326,77854.0,6.38995
2026-04-17T14:47:51.083472+00:00,77853.99,1.37302,77854.0,6.2683
2026-04-17T14:47:52.369461+00:00,77838.3,0.36335,77838.31,5.62505
2026-04-17T14:47:53.658263+00:00,77838.3,2.72169,77838.31,0.2128
2026-04-17T14:47:55.047074+00:00,77845.22,2.60316,77845.23,1.84149
2026-04-17T14:47:56.347839+00:00,77850.23,2.95374,77850.24,0.2902
2026-04-17T14:47:57.642476+00:00,77850.28,1.66965,77850.29,1.72944
2026-04-17T14:47:58.993590+00:00,77849.97,0.02619,77849.98,13.98707
2026-04-17T14:48:00.428716+00:00,77840.66,2.70759,77840.67,0.30817
2026-04-17T14:48:01.740720+00:00,77840.66,2.81806,77840.67,1.17765
2026-04-17T14:48:03.090616+00:00,77849.97,5.77464,77849.98,5.07147
2026-04-17T14:48:04.422261+00:00,77849.97,4.75145,77849.98,1.01961
2026-04-17T14:48:05.753720+00:00,77849.97,0.50009,77849.98,6.47075
2026-04-17T14:48:07.084549+00:00,77847.51,0.03578,77847.52,14.15443
2026-04-17T14:48:08.415647+00:00,77842.33,7.03503,77842.34,0.00126
2026-04-17T14:48:09.726678+00:00,77849.03,1.9071,77849.04,1.80885
2026-04-17T14:48:11.078282+00:00,77849.03,2.3092,77849.04,0.77355
2026-04-17T14:48:12.375398+00:00,77865.3,1.60117,77865.31,0.00077
2026-04-17T14:48:13.727189+00:00,77871.83,3.67805,77871.84,0.97877
2026-04-17T14:48:15.072628+00:00,77889.99,5.13953,77890.0,0.03969
2026-04-17T14:48:16.365898+00:00,77904.41,2.28555,77904.42,1.58528
2026-04-17T14:48:17.678202+00:00,77904.41,2.83784,77904.42,0.97396
2026-04-17T14:48:18.986432+00:00,77915.8,4.78966,77915.81,0.63133
2026-04-17T14:48:20.396399+00:00,77899.99,0.01982,77900.0,3.64753
2026-04-17T14:48:21.728242+00:00,77890.39,2.99258,77890.4,0.21138
2026-04-17T14:48:23.159550+00:00,77900.5,4.13989,77900.51,0.03982
2026-04-17T14:48:24.442535+00:00,77904.77,1.39244,77904.78,2.73938
2026-04-17T14:48:25.823587+00:00,77904.77,2.14038,77904.78,0.62825
2026-04-17T14:48:27.155238+00:00,77904.77,1.62718,77904.78,1.06742
2026-04-17T14:48:28.451977+00:00,77904.77,0.88224,77904.78,3.23041
2026-04-17T14:48:29.817659+00:00,77904.77,0.6306,77904.78,3.02372
2026-04-17T14:48:31.115508+00:00,77904.77,1.74987,77904.78,2.75397
2026-04-17T14:48:32.480530+00:00,77904.77,1.42367,77904.78,2.59541
2026-04-17T14:48:33.810892+00:00,77904.77,1.57941,77904.78,1.67043
2026-04-17T14:48:35.142103+00:00,77904.77,1.65466,77904.78,1.50387
2026-04-17T14:48:36.453362+00:00,77904.77,2.44924,77904.78,0.70169
2026-04-17T14:48:37.804559+00:00,77905.99,3.58316,77906.0,1.10771
2026-04-17T14:48:39.102203+00:00,77905.99,0.76968,77906.0,2.52108
2026-04-17T14:48:40.467434+00:00,77905.99,2.15058,77906.0,0.97907
2026-04-17T14:48:41.759897+00:00,77898.19,0.42685,77898.2,7.8561
2026-04-17T14:48:43.098580+00:00,77880.29,0.47814,77880.3,3.11012
2026-04-17T14:48:44.460942+00:00,77882.15,4.15215,77882.16,0.00098
2026-04-17T14:48:45.792873+00:00,77898.58,3.38504,77898.59,1.04686
2026-04-17T14:48:47.099997+00:00,77890.14,2.07455,77890.15,1.19302
2026-04-17T14:48:48.450884+00:00,77890.14,2.15511,77890.15,1.09935
2026-04-17T14:48:49.785626+00:00,77890.14,2.1664,77890.15,2.05306
2026-04-17T14:48:51.158576+00:00,77890.14,2.92522,77890.15,1.54336
2026-04-17T14:48:52.550555+00:00,77890.14,2.17448,77890.15,0.95959
2026-04-17T14:48:53.854804+00:00,77890.14,2.82728,77890.15,1.03518
2026-04-17T14:48:55.212229+00:00,77890.14,2.82606,77890.15,0.9422
2026-04-17T14:48:56.543980+00:00,77881.48,0.89934,77881.49,9.49395
2026-04-17T14:48:57.875235+00:00,77881.48,2.35332,77881.49,4.58928
2026-04-17T14:48:59.214601+00:00,77881.48,2.13814,77881.49,1.59563
2026-04-17T14:49:00.566294+00:00,77884.5,6.43493,77884.51,0.04358
2026-04-17T14:49:01.970556+00:00,77889.3,6.05506,77889.31,0.17276
2026-04-17T14:49:03.292308+00:00,77889.3,6.13782,77889.31,0.15769
2026-04-17T14:49:04.602917+00:00,77897.09,4.56771,77897.1,0.00323
2026-04-17T14:49:05.963943+00:00,77906.39,6.05168,77906.4,0.27564
2026-04-17T14:49:07.266149+00:00,77906.39,1.84263,77906.4,2.24921
2026-04-17T14:49:08.560754+00:00,77906.39,2.10607,77906.4,4.2913
2026-04-17T14:49:09.878149+00:00,77909.99,3.3472,77910.0,1.7624
2026-04-17T14:49:11.289658+00:00,77903.89,0.07152,77903.9,21.71713
2026-04-17T14:49:12.598202+00:00,77892.02,2.75925,77892.03,0.80574
2026-04-17T14:49:13.935276+00:00,77892.02,1.67533,77892.03,2.11668
2026-04-17T14:49:15.245268+00:00,77892.02,0.94761,77892.03,2.56839
2026-04-17T14:49:16.549099+00:00,77890.98,0.85607,77890.99,12.0674
2026-04-17T14:49:17.944900+00:00,77881.48,0.9084,77881.49,9.36876
2026-04-17T14:49:19.276460+00:00,77896.43,2.52066,77896.44,0.93951
2026-04-17T14:49:20.851983+00:00,77926.06,3.35507,77926.07,0.92371
2026-04-17T14:49:22.169843+00:00,77926.06,3.34285,77926.07,1.59443
2026-04-17T14:49:23.690653+00:00,77926.06,0.27411,77926.07,3.04137
2026-04-17T14:49:25.001346+00:00,77920.61,2.10623,77920.62,4.4661
2026-04-17T14:49:26.314297+00:00,77920.61,2.00892,77920.62,2.64146
2026-04-17T14:49:27.663599+00:00,77920.61,2.34505,77920.62,2.81359
2026-04-17T14:49:28.980539+00:00,77920.61,2.57808,77920.62,2.65588
2026-04-17T14:49:30.336248+00:00,77920.61,2.92425,77920.62,2.79816
2026-04-17T14:49:31.642825+00:00,77920.61,0.05617,77920.62,8.4237
2026-04-17T14:49:32.944620+00:00,77912.18,3.04426,77912.19,0.62507
2026-04-17T14:49:34.329811+00:00,77920.6,6.08362,77920.61,0.99792
2026-04-17T14:49:35.661060+00:00,77920.6,5.38763,77920.61,1.05795
2026-04-17T14:49:36.991458+00:00,77920.6,5.30943,77920.61,0.93789
2026-04-17T14:49:38.290394+00:00,77920.6,2.89279,77920.61,2.61067
2026-04-17T14:49:39.597560+00:00,77923.16,4.91657,77923.17,0.00153
2026-04-17T14:49:40.895288+00:00,77929.05,1.8903,77929.06,3.04092
2026-04-17T14:49:42.214796+00:00,77923.16,1.40673,77923.17,5.4346
2026-04-17T14:49:43.546014+00:00,77920.61,3.12605,77920.62,2.71605
2026-04-17T14:49:44.877116+00:00,77923.16,3.00525,77923.17,1.38787
2026-04-17T14:49:46.191543+00:00,77923.16,2.75176,77923.17,1.06485
2026-04-17T14:49:47.490945+00:00,77923.16,3.34761,77923.17,0.28818
2026-04-17T14:49:48.962330+00:00,77923.17,4.24537,77923.18,0.0013
2026-04-17T14:49:50.293601+00:00,77924.86,2.31689,77924.87,1.97262
2026-04-17T14:49:51.637069+00:00,77924.86,2.74944,77924.87,1.73057
2026-04-17T14:49:52.929511+00:00,77924.86,2.08215,77924.87,2.03734
2026-04-17T14:49:54.297924+00:00,77920.61,0.37165,77920.62,7.15591
2026-04-17T14:49:55.618571+00:00,77912.87,2.97417,77912.88,0.85092
2026-04-17T14:49:56.922914+00:00,77957.27,2.76771,77957.28,2.68863
2026-04-17T14:49:58.235889+00:00,77957.27,0.84909,77957.28,2.85251
2026-04-17T14:49:59.538041+00:00,77952.69,1.40587,77952.7,5.55109
2026-04-17T14:50:00.956908+00:00,77926.64,2.39828,77926.65,2.20183
2026-04-17T14:50:02.269169+00:00,77936.92,0.75154,77936.93,3.32864
2026-04-17T14:50:03.575568+00:00,77930.95,1.89983,77930.96,1.24613
2026-04-17T14:50:04.880988+00:00,77934.62,0.74515,77934.63,2.81974
2026-04-17T14:50:06.207919+00:00,77934.62,1.9768,77934.63,2.63937
2026-04-17T14:50:07.610336+00:00,77920.61,1.2744,77920.62,4.92505
2026-04-17T14:50:08.942455+00:00,77930.72,4.36111,77930.73,0.6749
2026-04-17T14:50:10.265110+00:00,77930.72,1.3661,77930.73,2.39505
2026-04-17T14:50:11.605744+00:00,77930.72,1.66695,77930.73,2.86926
2026-04-17T14:50:12.935844+00:00,77930.72,1.66992,77930.73,2.83004
2026-04-17T14:50:14.253377+00:00,77934.62,1.95953,77934.63,1.95603
2026-04-17T14:50:15.598528+00:00,77924.35,3.23444,77924.36,1.80535
2026-04-17T14:50:17.029305+00:00,77924.35,3.25963,77924.36,2.20813
2026-04-17T14:50:18.343985+00:00,77911.9,1.04416,77911.91,5.81111
2026-04-17T14:50:19.654861+00:00,77906.4,2.72882,77906.41,1.18616
2026-04-17T14:50:20.971876+00:00,77906.4,1.62946,77906.41,2.58608
2026-04-17T14:50:22.276363+00:00,77906.4,1.33654,77906.41,2.78243
2026-04-17T14:50:23.591672+00:00,77900.0,1.51983,77900.01,2.8271
2026-04-17T14:50:24.917430+00:00,77900.0,1.6912,77900.01,2.11733
2026-04-17T14:50:26.228071+00:00,77900.0,0.31458,77900.01,2.74829
2026-04-17T14:50:27.580381+00:00,77880.0,1.06334,77880.01,3.47042
2026-04-17T14:50:28.892860+00:00,77888.02,5.83877,77888.03,0.15421
2026-04-17T14:50:30.241934+00:00,77889.87,4.91012,77889.88,0.00105
2026-04-17T14:50:31.540219+00:00,77903.11,5.01408,77903.12,1.27215
2026-04-17T14:50:32.838453+00:00,77903.11,1.35797,77903.12,2.48556
2026-04-17T14:50:34.156652+00:00,77903.11,3.15542,77903.12,2.69878
2026-04-17T14:50:35.455606+00:00,77903.11,3.30334,77903.12,1.26447
2026-04-17T14:50:36.794464+00:00,77903.11,3.11794,77903.12,1.4666
2026-04-17T14:50:38.101445+00:00,77903.11,3.17649,77903.12,1.51008
2026-04-17T14:50:39.405226+00:00,77909.99,5.77235,77910.0,0.00013
2026-04-17T14:50:40.719198+00:00,77912.2,4.18068,77912.21,0.0011
2026-04-17T14:50:42.192188+00:00,77927.58,6.17551,77927.59,0.87286
2026-04-17T14:50:43.482587+00:00,77930.71,4.6209,77930.72,0.62442
2026-04-17T14:50:44.783526+00:00,77930.71,2.5449,77930.72,1.29145
2026-04-17T14:50:46.094639+00:00,77930.71,2.9377,77930.72,1.47258
2026-04-17T14:50:47.445048+00:00,77930.71,2.92931,77930.72,1.48599
2026-04-17T14:50:48.776324+00:00,77930.71,3.11067,77930.72,2.32757
2026-04-17T14:50:50.072297+00:00,77920.61,0.69634,77920.62,5.32761
2026-04-17T14:50:51.369584+00:00,77917.9,5.60602,77917.91,0.44299
2026-04-17T14:50:52.770372+00:00,77917.9,2.53755,77917.91,0.52607
2026-04-17T14:50:54.077035+00:00,77926.75,5.87592,77926.76,0.56036
2026-04-17T14:50:55.432862+00:00,77926.75,3.07408,77926.76,1.69328
2026-04-17T14:50:56.763030+00:00,77920.66,3.04358,77920.67,0.73794
2026-04-17T14:50:58.063017+00:00,77920.66,2.50971,77920.67,2.08391
2026-04-17T14:50:59.361818+00:00,77920.66,1.58344,77920.67,3.33649
2026-04-17T14:51:00.756205+00:00,77920.66,2.53834,77920.67,2.19536
2026-04-17T14:51:02.087418+00:00,77920.66,2.54351,77920.67,3.04093
2026-04-17T14:51:03.419724+00:00,77920.66,2.80506,77920.67,1.14454
2026-04-17T14:51:04.749801+00:00,77932.99,5.66281,77933.0,0.78818
2026-04-17T14:51:06.064287+00:00,77934.5,5.89588,77934.51,0.99462
2026-04-17T14:51:07.413150+00:00,77934.5,4.43862,77934.51,0.99466
2026-04-17T14:51:08.719406+00:00,77934.5,4.43945,77934.51,0.87238
2026-04-17T14:51:10.485187+00:00,77947.35,0.25182,77947.36,3.97818
2026-04-17T14:51:11.789329+00:00,77947.35,2.06294,77947.36,2.96238
2026-04-17T14:51:13.148002+00:00,77949.32,4.19929,77949.33,0.00132
2026-04-17T14:51:14.478663+00:00,77949.98,4.1535,77949.99,0.30723
2026-04-17T14:51:15.809545+00:00,77949.98,4.78484,77949.99,0.67955
2026-04-17T14:51:17.121478+00:00,77949.98,5.03416,77949.99,1.09723
